"Npop2","Npop3","Npop4","Npop5","Npop6","Npop7","Npop8"
0.633333333333333,0.8,0.8,0.833333333333333,0.866666666666667,0.9,1
