"Npop2","Npop3","Npop4","Npop5","Npop6","Npop7","Npop8"
0.716666666666667,0.816666666666667,0.833333333333333,0.85,0.966666666666667,0.983333333333333,1
