"Npop2","Npop3","Npop4","Npop5","Npop6","Npop7","Npop8","Npop9","Npop10"
0.986706056129985,0.995568685376662,0.997045790251108,0.997045790251108,0.997045790251108,1,1,1,1
