"Npop2","Npop3","Npop4","Npop5","Npop6","Npop7","Npop8","Npop9","Npop10"
0.968980797636632,0.99261447562777,0.997045790251108,0.998522895125554,1,1,1,1,1
