"Npop2","Npop3","Npop5","Npop7","Npop8","Npop9","Npop10","Npop11","Npop12","Npop13","Npop14"
0.967213114754098,0.991803278688525,0.991803278688525,1,1,1,1,1,1,1,1
